state,details,fill_var
Arkansas,"<b>Restrictive:</b><br><a href=""https://arkleg.state.ar.us/Bills/Detail?id=hb1925&ddBienniumSession=2025%2F2025R""><b>AR H.B. 1925</b> (2025)</a><br><a href=""https://arkleg.state.ar.us/Bills/Detail?id=sb299&ddBienniumSession=2025%2F2025R""><b>AR S.B. 299</b> (2025)</a><br><a href=""https://arkleg.state.ar.us/Bills/Detail?id=sb479&ddBienniumSession=2025%2F2025R""><b>AR S.B. 479</b> (2025)</a><br><b>Expansive:</b><br><a href=""https://arkleg.state.ar.us/Bills/Detail?id=hb1878&ddBienniumSession=2025%2F2025R""><b>AR H.B. 1878</b> (2025)</a><br><a href=""https://arkleg.state.ar.us/Bills/Detail?id=sb296&ddBienniumSession=2025%2F2025R""><b>AR S.B. 296</b> (2025)</a><br><a href=""https://arkleg.state.ar.us/Bills/Detail?id=sb304&ddBienniumSession=2025%2F2025R""><b>AR S.B. 304</b> (2025)</a><br>",Mixed
California,"<b>Expansive:</b><br><a href=""https://leginfo.legislature.ca.gov/faces/billStatusClient.xhtml?bill_id=202520260AB930""><b>CA A.B. 930</b> (2025)</a><br><a href=""https://leginfo.legislature.ca.gov/faces/billStatusClient.xhtml?bill_id=202520260AB1249""><b>CA A.B. 1249</b> (2025)</a><br>",Expansive Only
Colorado,"<b>Expansive:</b><br><a href=""https://leg.colorado.gov/bills/sb25-001""><b>CO S.B. 1</b> (2025)</a><br><a href=""https://leg.colorado.gov/bills/HB26-1113""><b>CO H.B. 1113</b> (2026)</a><br>",Expansive Only
Connecticut,"<b>Expansive:</b><br><a href=""https://www.cga.ct.gov/asp/cgabillstatus/cgabillstatus.asp?selBillType=Bill&bill_num=HB07287&which_year=2025""><b>CT H.B. 7287</b> (2025)</a><br><a href=""https://www.cga.ct.gov/asp/cgabillstatus/cgabillstatus.asp?selBillType=Bill&bill_num=HB05001&which_year=2026""><b>CT H.B. 5001</b> (2026)</a><br>",Expansive Only
Delaware,"<b>Expansive:</b><br><a href=""https://legis.delaware.gov/BillDetail?LegislationId=143415"">DE H.B. 444 (2026)</a><br><a href=""https://legis.delaware.gov/BillDetail?LegislationId=143031""><b>DE S.B. 266</b> (2026)</a><br>",Expansive Only
Florida,"<b>Restrictive:</b><br><a href=""https://www.flsenate.gov/Session/Bill/2025C/2C""><b>FL S.B. 2</b> (2025)</a><br><a href=""https://www.flsenate.gov/Session/Bill/2026/991"">FL H.B. 991 (2026)</a><br>",Restrictive or Election Interference Only
Hawaii,"<b>Expansive:</b><br><a href=""https://www.capitol.hawaii.gov/session/measure_indiv.aspx?billtype=HB&billnumber=408&year=2025""><b>HI H.B. 408</b> (2025)</a><br><a href=""https://www.capitol.hawaii.gov/session/measure_indiv.aspx?billtype=SB&billnumber=2239&year=2026"">HI S.B. 2239 (2026)</a><br>",Expansive Only
Idaho,"<b>Restrictive:</b><br><a href=""https://legislature.idaho.gov/sessioninfo/2025/legislation/H0278/""><b>ID H.B. 278</b> (2025)</a><br><b>Expansive:</b><br><a href=""https://legislature.idaho.gov/sessioninfo/2025/legislation/H0278/""><b>ID H.B. 278</b> (2025)</a><br>",Mixed
Illinois,"<b>Expansive:</b><br><a href=""https://www.ilga.gov/Legislation/BillStatus?DocNum=4339&GAID=18&DocTypeID=HB&LegId=164865&SessionID=114""><b>IL H.B. 4339</b> (2026)</a><br>",Expansive Only
Indiana,"<b>Restrictive:</b><br><a href=""https://iga.in.gov/legislative/2025/bills/house/1679/details""><b>IN H.B. 1679</b> (2025)</a><br><a href=""https://iga.in.gov/legislative/2025/bills/house/1680/details""><b>IN H.B. 1680</b> (2025)</a><br><a href=""https://iga.in.gov/legislative/2025/bills/senate/10/details""><b>IN S.B. 10</b> (2025)</a><br><b>Election Interference:</b><br><a href=""https://iga.in.gov/legislative/2025/bills/house/1679/details""><b>IN H.B. 1679</b> (2025)</a><br><a href=""https://iga.in.gov/legislative/2025/bills/senate/526/details""><b>IN S.B. 526</b> (2025)</a><br>",Restrictive or Election Interference Only
Iowa,"<b>Restrictive:</b><br><a href=""https://www.legis.iowa.gov/legislation/BillBook?ga=91&ba=HF2501""><b>IA H.F. 2501</b> (2026)</a><br><b>Expansive:</b><br><a href=""https://www.legis.iowa.gov/legislation/BillBook?ga=91&ba=HF397""><b>IA H.F. 397</b> (2025)</a><br><b>Election Interference:</b><br><a href=""https://www.legis.iowa.gov/legislation/BillBook?ga=91&ba=HF2501""><b>IA H.F. 2501</b> (2026)</a><br><a href=""https://www.legis.iowa.gov/legislation/BillBook?ga=91&ba=HF928""><b>IA H.F. 928</b> (2025)</a><br>",Mixed
Kansas,"<b>Restrictive:</b><br><a href=""https://kslegislature.gov/li/b2025_26/measures/hb2020/""><b>KS H.B. 2020</b> (2025)</a><br><a href=""https://kslegislature.gov/li/b2025_26/measures/sb4/"">KS S.B. 4 (2025)</a><br><a href=""https://kslegislature.gov/li/b2025_26/measures/hb2437/""><b>KS H.B. 2437</b> (2026)</a><br><a href=""https://kslegislature.gov/li/b2025_26/measures/sb244/""><b>KS S.B. 244</b> (2026)</a><br><b>Election Interference:</b><br><a href=""https://kslegislature.gov/li/b2025_26/measures/sb5/""><b>KS S.B. 5</b> (2025)</a><br>",Restrictive or Election Interference Only
Kentucky,"<b>Restrictive:</b><br><a href=""https://apps.legislature.ky.gov/record/25RS/hb684.html""><b>KY H.B. 684</b> (2025)</a><br><a href=""https://apps.legislature.ky.gov/record/26RS/hb139.html"">KY H.B. 139 (2026)</a><br><b>Expansive:</b><br><a href=""https://apps.legislature.ky.gov/record/25RS/hb684.html""><b>KY H.B. 684</b> (2025)</a><br>",Mixed
Louisiana,"<b>Restrictive:</b><br><a href=""https://www.legis.la.gov/legis/BillInfo.aspx?s=26rs&b=SB319&sbi=y"">LA S.B. 319 (2026)</a><br><b>Expansive:</b><br><a href=""https://www.legis.la.gov/legis/BillInfo.aspx?s=26rs&b=HB842&sbi=y""><b>LA H.B. 842</b> (2026)</a><br><a href=""https://www.legis.la.gov/legis/BillInfo.aspx?s=26rs&b=HB1057&sbi=y"">LA H.B. 1057 (2026)</a><br><b>Election Interference:</b><br><a href=""https://www.legis.la.gov/legis/BillInfo.aspx?s=25rs&b=HB502&sbi=y""><b>LA H.B. 502</b> (2025)</a><br>",Mixed
Maine,"<b>Expansive:</b><br><a href=""https://legislature.maine.gov/legis/bills/display_ps.asp?LD=1977&snum=132""><b>ME L.D. 1977</b> (2025)</a><br>",Expansive Only
Maryland,"<b>Expansive:</b><br><a href=""https://mgaleg.maryland.gov/mgawebsite/Legislation/Details/HB0983?ys=2025RS""><b>MD H.B. 983 / S.B. 685</b> (2025)</a><br><a href=""https://mgaleg.maryland.gov/mgawebsite/Legislation/Details/HB0115?ys=2026RS"">MD H.B. 115 / S.B. 241 (2026)</a><br><a href=""https://mgaleg.maryland.gov/mgawebsite/Legislation/Details/HB0263?ys=2026RS"">MD H.B. 263 / S.B. 100 (2026)</a><br><a href=""https://mgaleg.maryland.gov/mgawebsite/Legislation/Details/SB0255?ys=2026RS""><b>MD S.B. 255</b> (2026)</a><br>",Expansive Only
Mississippi,"<b>Restrictive:</b><br><a href=""https://billstatus.ls.state.ms.us/2026/pdf/history/SB/SB2588.xml""><b>MS S.B. 2588</b> (2026)</a><br>",Restrictive or Election Interference Only
Missouri,"<b>Expansive:</b><br><a href=""https://house.mo.gov/Bill.aspx?bill=HB1871&year=2026&code=R""><b>MO H.B. 1871</b> (2026)</a><br>",Expansive Only
Montana,"<b>Restrictive:</b><br><a href=""https://bills.legmt.gov/#/laws/bill/2/LC2653""><b>MT H.B. 248</b> (2025)</a><br><a href=""https://bills.legmt.gov/#/laws/bill/2/LC1459"">MT H.B. 413 (2025)</a><br><a href=""https://bills.legmt.gov/#/laws/bill/2/LC2654""><b>MT H.B. 719</b> (2025)</a><br><a href=""https://bills.legmt.gov/#/laws/bill/2/LC0181""><b>MT S.B. 276</b> (2025)</a><br><a href=""https://bills.legmt.gov/#/laws/bill/2/LC0182"">MT S.B. 490 (2025)</a><br>",Restrictive or Election Interference Only
Nebraska,"<b>Restrictive:</b><br><a href=""https://nebraskalegislature.gov/bills/view_bill.php?DocumentID=63306""><b>NE L.B. 1075</b> (2026)</a><br><b>Expansive:</b><br><a href=""https://nebraskalegislature.gov/bills/view_bill.php?DocumentID=63306""><b>NE L.B. 1075</b> (2026)</a><br>",Mixed
Nevada,"<b>Expansive:</b><br><a href=""https://www.leg.state.nv.us/App/NELIS/REL/83rd2025/Bill/12487/Overview""><b>NV A.B. 367</b> (2025)</a><br>",Expansive Only
New Hampshire,"<b>Restrictive:</b><br><a href=""https://gc.nh.gov/bill_status/legacy/bs2016/bill_status.aspx?lsr=930&sy=2025&sortoption=&txtsessionyear=2025&txtbillnumber=SB218""><b>NH S.B. 218</b> (2025)</a><br><a href=""https://gc.nh.gov/bill_status/legacy/bs2016/bill_status.aspx?lsr=406&sy=2026&sortoption=&txtsessionyear=2026&txtbillnumber=HB323""><b>NH H.B. 323</b> (2026)</a><br><b>Expansive:</b><br><a href=""https://gc.nh.gov/bill_status/legacy/bs2016/bill_status.aspx?lsr=51&sy=2025&sortoption=&txtsessionyear=2025&txtbillnumber=HB67""><b>NH H.B. 67</b> (2025)</a><br><a href=""https://gc.nh.gov/bill_status/legacy/bs2016/bill_status.aspx?lsr=409&sy=2026&sortoption=&txtsessionyear=2026&txtbillnumber=HB365""><b>NH H.B. 365</b> (2026)</a><br><a href=""https://gc.nh.gov/bill_status/legacy/bs2016/bill_status.aspx?lsr=557&sy=2026&sortoption=&txtsessionyear=2026&txtbillnumber=SB103""><b>NH S.B. 103</b> (2026)</a><br><b>Election Interference:</b><br><a href=""https://gc.nh.gov/bill_status/legacy/bs2016/bill_status.aspx?lsr=930&sy=2025&sortoption=&txtsessionyear=2025&txtbillnumber=SB218""><b>NH S.B. 218</b> (2025)</a><br><a href=""https://gc.nh.gov/bill_status/legacy/bs2016/bill_status.aspx?lsr=558&sy=2025&sortoption=&txtsessionyear=2025&txtbillnumber=HB154""><b>NH H.B. 154</b> (2025)</a><br>",Mixed
New Jersey,"<b>Expansive:</b><br><a href=""https://www.njleg.state.nj.us/bill-search/2024/S3990""><b>NJ S.B. 3990</b> (2025)</a><br><a href=""https://www.njleg.state.nj.us/bill-search/2026/A1715""><b>NJ A.B. 1715</b> (2026)</a><br><a href=""https://www.njleg.state.nj.us/bill-search/2026/A4745""><b>NJ A.B. 4745</b> (2026)</a><br><a href=""https://www.njleg.state.nj.us/bill-search/2024/S1636"">NJ S.B. 1636 (2024) </a><br><a href=""https://www.njleg.state.nj.us/bill-search/2024/S4835""><b>NJ S.B. 4835 (2025)</b> (2026)</a><br>",Expansive Only
North Carolina,"<b>Restrictive:</b><br><a href=""https://www.ncleg.gov/BillLookUp/2023/S382""><b>NC S.B. 382</b> (2024)</a><br><b>Expansive:</b><br><a href=""https://www.ncleg.gov/BillLookUp/2025/H834""><b>NC H.B. 834</b> (2026)</a><br><b>Election Interference:</b><br><a href=""https://www.ncleg.gov/BillLookUp/2023/S382""><b>NC S.B. 382</b> (2024)</a><br><a href=""https://www.ncleg.gov/BillLookUp/2025/H834""><b>NC H.B. 834</b> (2026)</a><br>",Mixed
North Dakota,"<b>Restrictive:</b><br><a href=""https://ndlegis.gov/assembly/69-2025/regular/bill-overview/bo1165.html""><b>ND H.B. 1165</b> (2025)</a><br><b>Expansive:</b><br><a href=""https://ndlegis.gov/assembly/69-2025/regular/bill-overview/bo1165.html""><b>ND H.B. 1165</b> (2025)</a><br>",Mixed
Ohio,"<b>Restrictive:</b><br><a href=""https://www.legislature.ohio.gov/legislation/136/hb54"">OH H.B. 54 (2025)</a><br><a href=""https://www.legislature.ohio.gov/legislation/135/hb74""><b>OH H.B. 74</b> (2025)</a><br><a href=""https://www.legislature.ohio.gov/legislation/136/sb293""><b>OH S.B. 293</b> (2025)</a><br><b>Expansive:</b><br><a href=""https://www.legislature.ohio.gov/legislation/135/hb74""><b>OH H.B. 74</b> (2025)</a><br>",Mixed
Oklahoma,"<b>Restrictive:</b><br><a href=""http://www.oklegislature.gov/BillInfo.aspx?Bill=hb1865&Session=2500""><b>OK H.B. 1865</b> (2025)</a><br><b>Expansive:</b><br><a href=""http://www.oklegislature.gov/BillInfo.aspx?Bill=sb814&Session=2500""><b>OK S.B. 814</b> (2025)</a><br>",Mixed
Rhode Island,"<b>Expansive:</b><br><a href=""http://webserver.rilegislature.gov/BillText/BillText25/HouseText25/H5709.pdf""><b>RI H.B. 5709 / S.B. 520</b> (2025)</a><br>",Expansive Only
South Dakota,"<b>Restrictive:</b><br><a href=""https://sdlegislature.gov/Session/Bill/26073""><b>SD S.B. 185</b> (2025)</a><br><a href=""https://sdlegislature.gov/#/Session/Bill/26606""><b>SD S.B. 30</b> (2026)</a><br><a href=""https://sdlegislature.gov/#/Session/Bill/27075""><b>SD S.B. 175</b> (2026)</a><br><b>Expansive:</b><br><a href=""https://sdlegislature.gov/Session/Bill/26073""><b>SD S.B. 185</b> (2025)</a><br>",Mixed
Tennessee,"<b>Restrictive:</b><br><a href=""https://wapp.capitol.tn.gov/apps/Billinfo/Default?BillNumber=HB0069&ga=114"">TN H.B. 69 (2025)</a><br><a href=""https://wapp.capitol.tn.gov/apps/Billinfo/Default?BillNumber=SB0407&ga=114""><b>TN S.B. 407</b> (2025)</a><br><a href=""https://wapp.capitol.tn.gov/apps/Billinfo/Default?BillNumber=SB0626&ga=114""><b>TN S.B. 626</b> (2025)</a><br><b>Expansive:</b><br><a href=""https://wapp.capitol.tn.gov/apps/Billinfo/Default?BillNumber=SB0407&ga=114""><b>TN S.B. 407</b> (2025)</a><br>",Mixed
Texas,"<b>Restrictive:</b><br><a href=""https://capitol.texas.gov/BillLookup/History.aspx?LegSess=89R&Bill=HB521""><b>TX H.B. 521</b> (2025)</a><br><b>Expansive:</b><br><a href=""https://capitol.texas.gov/BillLookup/History.aspx?LegSess=89R&Bill=HB2259""><b>TX H.B. 2259</b> (2025)</a><br><a href=""https://capitol.texas.gov/BillLookup/History.aspx?LegSess=89R&Bill=SB2753""><b>TX S.B. 2753</b> (2025)</a><br><a href=""https://capitol.texas.gov/BillLookup/History.aspx?LegSess=89R&Bill=SB2964""><b>TX S.B. 2964</b> (2025)</a><br><b>Election Interference:</b><br><a href=""https://capitol.texas.gov/BillLookup/History.aspx?LegSess=89R&Bill=SB2753""><b>TX S.B. 2753</b> (2025)</a><br><a href=""https://capitol.texas.gov/BillLookup/History.aspx?LegSess=892&Bill=SB12""><b>TX S.B. 12</b> (2025)</a><br><a href=""https://capitol.texas.gov/BillLookup/History.aspx?LegSess=89R&Bill=SB510""><b>TX S.B. 510</b> (2025)</a><br>",Mixed
Utah,"<b>Restrictive:</b><br><a href=""https://le.utah.gov/~2025/bills/static/HB0300.html""><b>UT H.B. 300</b> (2025)</a><br><a href=""https://le.utah.gov/~2026/bills/static/HB0209.html""><b>UT H.B. 209</b> (2026)</a><br><a href=""https://le.utah.gov/~2026/bills/static/SB0194.html""><b>UT S.B. 194</b> (2026)</a><br><b>Expansive:</b><br><a href=""https://le.utah.gov/~2025/bills/static/SB0164.html""><b>UT S.B. 164</b> (2025)</a><br><b>Election Interference:</b><br><a href=""https://le.utah.gov/~2025/bills/static/HB0300.html""><b>UT H.B. 300</b> (2025)</a><br><a href=""https://le.utah.gov/~2026/bills/static/SB0194.html""><b>UT S.B. 194</b> (2026)</a><br>",Mixed
Vermont,"<b>Expansive:</b><br><a href=""https://legislature.vermont.gov/bill/status/2026/S.298""><b>VT S.B. 298</b> (2026)</a><br>",Expansive Only
Virginia,"<b>Expansive:</b><br><a href=""https://lis.virginia.gov/bill-details/20251/HB1735""><b>VA H.B. 1735 / S.B. 991</b> (2025)</a><br><a href=""https://lis.virginia.gov/bill-details/20261/HB640""><b>VA H.B. 640</b> (2026)</a><br><a href=""https://lis.virginia.gov/bill-details/20261/HB967""><b>VA H.B. 967</b> (2026)</a><br><a href=""https://lis.virginia.gov/bill-details/20261/HB972""><b>VA H.B. 972</b> (2026)</a><br><a href=""https://lis.virginia.gov/bill-details/20261/HB1014""><b>VA H.B. 1014</b> (2026)</a><br><a href=""https://lis.virginia.gov/bill-details/20261/HB1244""><b>VA H.B. 1244</b> (2026)</a><br><a href=""https://lis.virginia.gov/bill-details/20261/SB438""><b>VA S.B. 438</b> (2026)</a><br><a href=""https://lis.virginia.gov/bill-details/20261/SB582"">VA S.B. 582 (2026)</a><br>",Expansive Only
Washington,"<b>Expansive:</b><br><a href=""https://app.leg.wa.gov/billsummary?BillNumber=5077&Year=2025&Initiative=false""><b>WA S.B. 5077</b> (2025)</a><br><a href=""https://app.leg.wa.gov/billsummary?BillNumber=1710&Year=2025&Initiative=false""><b>WA H.B. 1710</b> (2026)</a><br><a href=""https://app.leg.wa.gov/billsummary?BillNumber=1750&Year=2025&Initiative=false""><b>WA H.B. 1750</b> (2026)</a><br><a href=""https://app.leg.wa.gov/billsummary?BillNumber=1916&Year=2025&Initiative=false""><b>WA H.B. 1916</b> (2026)</a><br>",Expansive Only
West Virginia,"<b>Restrictive:</b><br><a href=""http://www.wvlegislature.gov/Bill_Status/Bills_history.cfm?input=3016&year=2025&sessiontype=RS&btype=bill""><b>WV H.B. 3016</b> (2025)</a><br><a href=""http://www.wvlegislature.gov/Bill_Status/Bills_history.cfm?input=487&year=2025&sessiontype=RS&btype=bill""><b>WV S.B. 487</b> (2025)</a><br><a href=""http://www.wvlegislature.gov/Bill_Status/Bills_history.cfm?input=59&year=2026&sessiontype=RS&btype=bill"">WV S.B. 59 (2026)</a><br><b>Expansive:</b><br><a href=""http://www.wvlegislature.gov/Bill_Status/Bills_history.cfm?input=2709&year=2025&sessiontype=RS&btype=bill""><b>WV H.B. 2709</b> (2025)</a><br>",Mixed
Wyoming,"<b>Restrictive:</b><br><a href=""https://www.wyoleg.gov/Legislation/2025/HB0156""><b>WY H.B. 156</b> (2025)</a><br><a href=""https://www.wyoleg.gov/Legislation/2025/SF0078""><b>WY S.F. 78</b> (2025)</a><br><b>Expansive:</b><br><a href=""https://www.wyoleg.gov/Legislation/2025/SF0009""><b>WY S.F. 9</b> (2025)</a><br>",Mixed
